{
  "posts": [
    {
      "userId": 1,
      "id": "1",
      "title": "sunt aut facere repellat provident occaecati excepturi optio reprehenderit",
      "body": "quia et suscipit\nsuscipit recusandae consequuntur expedita et cum\nreprehenderit molestiae ut ut quas totam\nnostrum rerum est autem sunt rem eveniet architecto"
    },
    {
      "userId": 1,
      "id": "2",
      "title": "qui est esse",
      "body": "est rerum tempore vitae\nsequi sint nihil reprehenderit dolor beatae ea dolores neque\nfugiat blanditiis voluptate porro vel nihil molestiae ut reiciendis\nqui aperiam non debitis possimus qui neque nisi nulla"
    },
    {
      "userId": 1,
      "id": "3",
      "title": "ea molestias quasi exercitationem repellat qui ipsa sit aut",
      "body": "et iusto sed quo iure\nvoluptatem occaecati omnis eligendi aut ad\nvoluptatem doloribus vel accusantium quis pariatur\nmolestiae porro eius odio et labore et velit aut"
    },
    {
      "id": null,
      "userId": 1,
      "title": "",
      "body": ""
    },
    {
      "id": 157,
      "userId": 1,
      "title": "",
      "body": ""
    },
    {
      "id": 157,
      "userId": 1,
      "title": "",
      "body": ""
    },
    {
      "id": 212,
      "userId": 1,
      "title": "",
      "body": ""
    },
    {
      "id": 212,
      "userId": 1,
      "title": "dsadsadsadsa123121321321321",
      "body": ""
    },
    {
      "id": 212,
      "userId": 1,
      "title": "dsadsadsadsa123121321321321",
      "body": ""
    },
    {
      "id": 212,
      "userId": 1,
      "title": "dsadsadsadsa123121321321321",
      "body": "dsadsadsadsadsaddsadsasadsadsadsadsadsa"
    },
    {
      "id": 212,
      "userId": 1,
      "title": "nghasad",
      "body": "bcxc"
    },
    {
      "id": 212,
      "userId": 1,
      "title": "nghasad",
      "body": "bcxc123"
    },
    {
      "id": 774,
      "userId": 1,
      "title": "12",
      "body": "1"
    }
  ],
  "questions": [
    {
      "id": "1",
      "text": "What is the capital of France?",
      "options": [
        "Paris",
        "London",
        "Berlin",
        "Rome"
      ],
      "correctAnswer": "Paris",
      "selectedOption": null
    },
    {
      "id": "2",
      "text": "Who developed the theory of relativity?",
      "options": [
        "Albert Einstein",
        "Isaac Newton",
        "Galileo Galilei",
        "Nikola Tesla"
      ],
      "correctAnswer": "Albert Einstein",
      "selectedOption": null
    },
    {
      "id": "3",
      "text": "What is the symbol for iron on the periodic table?",
      "options": [
        "Fe",
        "I",
        "Au",
        "Ag"
      ],
      "correctAnswer": "Fe",
      "selectedOption": null
    }
  ],
  "Videos": [
    {
      "id": "1",
      "title": "React Tutorial for Beginners",
      "description": "This is the first video",
      "url": "https://www.youtube.com/watch?v=SqcY0GlETPk",
      "duration": "5:30",
      "image": "https://example.com/video1.jpg",
      "comments": [
        {
          "id": 1,
          "text": "Great video!",
          "user": "User1"
        },
        {
          "id": 2,
          "text": "Thanks for sharing!",
          "user": "User2"
        }
      ]
    },
    {
      "id": "2",
      "title": "React JS Full Course 2023 | Build an App and Master React in 1 Hour",
      "description": "This is the second video",
      "url": "https://www.youtube.com/watch?v=b9eMGE7QtTk",
      "duration": "3:45",
      "image": "https://example.com/video2.jpg",
      "comments": [
        {
          "id": 3,
          "text": "Good content!",
          "user": "User3"
        }
      ]
    },
    {
      "id": "3",
      "title": "React JS Full Course for Beginners | Complete All-in-One Tutorial | 9 Hours",
      "description": "This is the third video",
      "url": "https://www.youtube.com/watch?v=RVFAyFWO4go",
      "duration": "8:12",
      "image": "https://example.com/video3.jpg",
      "comments": []
    }
  ]
}